1,0.00007021841858,0,0,0,0.0000001565031103,0,0,0,1
0,0.0000709358653,0,0,0,0.0000006434440968,0,0,0,0
0,0.00007023185391,0,0,0,-0.0000001691061621,0,0,0,0
0,0.0000694337952,0,0,0,0.0000005095066984,0,0,0,0
0,0.00006893400085,0,0,0,-0.0000001750165549,0,0,0,0
0,0.00006925376175,0,0,0,-0.0000009515447177,0,0,0,0
0,0.00006968503591,0,0,0,-0.00000008047166217,0,0,0,0
0,0.00006968503591,0,0,0,0.000001324076799,0,0,1,0
0,0.00006979386209,0,0,0,-0.00000006787439744,0,0,0,0
0,0.00006990268828,0,0,0,-0.0000007654202062,0,0,0,0
0,0.00007034202363,0,0,0,0.0000001765003144,0,0,0,0
0,0.00006990268828,0,0,0,0.0000005738659979,0,0,0,0
0,0.0000681990882,0,0,0,-0.0000005619053455,0,0,0,0
0,0.00006986641289,0,0,0,-0.00000006323408524,0,0,0,0
0,0.0000700854088,0,0,0,-0.0000007249772601,0,0,0,0
0,0.0006032867078,0,0,0,0.0000004436667932,0,0,0,0
0,0.0006608705403,0,0,0,0.000001010574362,0,0,1,0
0,0.0006037435091,0,0,0,0.000000744150212,0,0,0,0
0,0.001007649892,0,0,0,0.000001279008177,0,0,1,0
0,0.0006717665944,0,0,0,0.000002107417267,0,1,1,0
0,0.0006717665944,0,0,0,0.000001894826929,0,1,1,0
0,0.001600148028,0,0,0,0.000001337524891,0,0,1,0
0,0.001600148028,0,0,0,0.000000826833569,0,0,0,0
0,0.001602835094,0,0,0,0.000003148327821,0,0,1,0
0,0.003576485349,0,0,0,0.000002893917492,0,0,1,0
0,0.004688930829,0,0,0,0.00000107373526,0,0,1,0
0,0.004701022628,0,0,0,0,0,0,0,0
0,0.004702366161,0,0,0,0.0000003065787391,0,0,0,0
0,0.004702366161,0,0,0,0.0000002872158714,0,0,0,0
0,0.004702366161,0,0,0,-0.0000000450255904,0,0,0,0
0,0.004702366161,0,0,0,0.0000000454758463,0,0,0,0
0,0.004702366161,0,0,0,0,0,0,0,0
0,0.004702366161,0,0,0,0.0000000900511808,0,0,0,0
0,0.00564149586,0,0,0,0.0000001324539213,0,0,0,0
0,0.006591373824,0,0,0,0.0000005577226431,0,0,0,0
0,0.006595404424,0,0,0,0.0000004203649658,0,0,0,0
0,0.006633103965,0,0,0,0.0000002448699416,0,1,0,0
0,0.006633103965,0,0,0,0.0000001327761936,0,0,0,0
0,0.006633103965,0,0,0,0.0000003001400325,1,0,0,0
0,0.006633103965,0,0,0,0.0000001194483068,1,0,0,0
0,0.006633103965,0,0,0,0.0000001662742907,1,0,0,0
0,0.006239368129,0,0,0,0.0000002807140437,1,0,0,0
0,0.006121137208,0,0,0,0.0000002152930574,1,0,0,0
0,0.005622686395,0,0,0,0.0000004075151868,1,0,0,0
0,0.005370102156,0,0,0,0.0000004037878552,1,0,0,0
0,0.005542074404,0,0,0,0.0000005502092548,1,0,0,0
0,0.00585646117,0,0,0,0.0000007809803168,1,0,0,0
0,0.005421156417,0,0,0,0.0000005207156677,1,0,0,0
0,0.005151778013,0,0,0,0.0000004396828839,1,0,0,0
0,0.005045638891,0,0,0,0.0000006643829182,1,0,0,0
0,0.005335842059,0,0,0,0.000000439660482,1,0,0,0
0,0.005881988301,0,0,0,0.0000006644021144,1,0,0,0
0,0.006227948097,0,0,0,0.0000002998222547,1,0,0,0
0,0.006605480923,0,0,0,0.0000003563032558,1,0,0,0
0,0.006882517466,0,0,0,0.0000002869525902,1,0,0,0
0,0.006412415204,0,0,0,0.0000004744040286,1,0,0,0
0,0.006480532336,0,0,0,0.0000006369801791,1,0,0,0
0,0.00663208288,0,0,0,0.0000002663520318,1,0,0,0
0,0.009043053187,0,0,0,0.0000002700355753,1,1,0,0
0,0.01079179599,0,0,0,0.0000004171044623,1,1,0,0
1,0.0163787444,0,0,0,0.0000004216520469,1,1,0,1
1,0.02874072762,0,1,0.23,0.000001177824419,1,1,1,1
1,0.03060756699,0,1,0.23,0.000001441584328,1,0,1,1
0,0.03241005111,0,1,0.23,0.0000009322548491,1,0,1,0
0,0.0576274973,0,1,0.23,0.000001318799543,1,1,1,0
0,0.07009884413,0,1,0.23,0.00000135518022,1,1,1,0
0,0.07548762139,0,1,0.23,0.0000008503983258,1,0,0,0
0,0.07848101334,0,0,0,0.0000002592123239,1,0,0,0
0,0.0810863929,0,0,0,0.0000002251054392,1,0,0,0
0,0.09312606251,0,0,0,0.0000001182372004,1,0,0,0
0,0.1012255523,0,0,0,0.00000001364275389,1,0,0,0
0,0.1045532153,0,0,0,0.0000001909985545,1,0,0,0
0,0.1071110338,0,0,0,0.00000006503046021,1,0,0,0
0,0.09755770673,0,0,0,0.0000001936816294,1,0,0,0
0,0.09755891591,0,0,0,0.0000001806300615,1,0,0,0
0,0.09858833104,0,0,0,0.00000006284761959,1,0,0,0
0,0.09560340336,0,0,0,0.0000001052765842,1,0,0,0
0,0.08978818866,0,0,0,0.0000001670782593,1,0,0,0
0,0.09563618557,0,0,0,0.0000002207852338,1,0,0,0
0,0.097716378,0,0,0,0.0000002611677853,1,0,0,0
0,0.1006893482,0,0,0,0.0000001779469866,1,0,0,0
0,0.1021841633,0,0,0,0.000000205641777,1,0,0,0
0,0.1049333009,0,0,0,0.0000004054626456,1,0,0,0
0,0.1049953739,0,0,0,0.0000001480238797,1,0,0,0
0,0.1181915528,0,0,0,0.0000001326530437,1,0,0,0
0,0,0,0,0,0.000001347432483,0,0,1,0
0,0,0,0,0,0.000002078895831,0,0,1,0
0,0,0,0,0,0.000003120891413,0,0,1,0
0,0,0,0,0,0.000005763799122,0,0,1,0
0,0,0,0,0,-0.000001236010181,0,0,0,0
0,0,0,0,0,-0.0000003202524387,0,0,0,0
0,0,0,0,0,-0.0000007923821702,0,0,0,0
0,0,0,0,0,-0.0000004172095991,0,0,0,0
0,0,0,0,0,-0.0000002296759914,0,0,0,0
0,0,0,0,0,-0.0000002418927995,0,0,0,0
0,0,0,0,0,0,0,0,0,0
0,0,0,0,0,-0.000000102192913,0,0,0,0
0,0,0,0,0,0.0000001045421754,0,0,0,0
0,0,0,0,0,0.0000001532893696,0,0,0,0
0,0,0,0,0,0.0000002471513386,0,0,0,0
0,0,0,0,0,-0.00000004688231577,0,0,0,0
0,0,0,0,0,0.00000009474134644,0,0,0,0
0,0,0,0,0,0.00000009280784961,0,0,0,0
0,0,0,0,0,0.0000000454758463,0,0,0,0
0,0,0,0,0,0.0000006303582656,0,0,0,0
0,0,0,0,0,0.0000007513400693,0,0,0,0
0,0,0,0,0,0.0000008144927695,0,0,0,0
0,0,0,0,0,0.0000006332079863,0,0,0,0
0,0,0,0,0,0.0000003537010268,0,0,0,0
0,0,0,0,0,0.0000002344115789,0,0,0,0
0,0,0,0,0,0.0000002229208152,0,0,0,0
0,0,0,0,0,0.0000006162614686,0,0,0,0
0,0,0,0,0,-0.0000007672879415,0,0,0,0
0,0,0,0,0,-0.0000000450255904,0,0,0,0
0,0,0,0,0,0.0000001819033852,0,0,0,0
0,0,0,0,0,-0.0000003498142023,0,0,0,0
0,0,0,0,0,0.0000001421120197,0,0,0,0
0,0,0,0,0,0,0,0,0,0
0,0,0,0,0,-0.0000001837407931,0,0,0,0
0,0,0,0,0,0,0,0,0,0
0,0,0,0,0,0.0000001436079357,0,0,0,0
0,0,0,0,0,0.00000004640392478,0,0,0,0
0,0,0,0,0,0.00000009187039656,0,0,0,0
0,0,0,0,0,0,0,1,0,0
0,0,0,0,0,-0.0000000450255904,0,0,0,0
0,0,0,0,0,0.0000000909516926,0,0,0,0
0,0,0,0,0,0.0000002675049782,0,0,0,0
0,0,0,0,0,0.0000003622348532,0,1,0,0
0,0,0,0,0,0.000000262748462,0,0,0,0
0,0,0,0,0,0.0000007184399052,0,1,0,0
0,0,0,0,0,0.0000007128270762,0,1,0,0
0,0,0,0,0,0.000001246732145,0,0,1,0
0,0,0,0,0,0.00000131881932,1,0,1,0
0,0,1,0,0,0.000003669896451,1,0,1,0
0,0,0,0,0,0.00000313825863,1,0,1,0
0,0,0,0,0,0.00000220380811,1,0,1,0
0,0,0,0,0,0.000004606763149,1,0,1,0
0,0,0,0,0,0.000002124065575,1,0,1,0
0,0.000000000241835974,0,1,0,0.000003877498035,1,1,1,0
0,0.0000000007389432539,1,1,0,0.0000136016892,1,1,1,1
0,0.000000008732965727,1,1,0,0.00006273283855,1,1,1,1
0,0.0000006842103988,1,1,0,0.00004319164002,1,1,1,1
0,0.000007647390911,1,1,0,0.0001215219208,1,2,1,1
0,0.0002713856429,1,1,0,0.0001885433135,1,1,1,1
0,0.000352510864,1,1,0,0.00001007253615,1,1,1,1
0,0.000935770866,1,1,0,0.000004885424692,1,1,1,1
0,0.007496807711,1,1,0,0.00001128928789,1,2,1,0
0,0.0225953262,1,1,0,0.00001478096885,1,1,1,0
0,0.04292502552,1,1,0,0.000006938977483,1,1,1,0
0,0.07882021516,1,1,0,0.000004952001331,1,1,1,0
0,0.1062486064,0,1,0,0.000004472185677,1,1,1,0
0,0.1155274497,0,0,0,0.000001980882389,1,1,1,0
0,0.1085299527,0,0,0,0.000001044170907,1,1,1,0
0,0.1078379122,0,0,0,0.000000605056135,1,0,0,0
0,0.1007958904,0,0,0,0.0000005570336413,1,0,0,0
0,0.1009920463,0,0,0,0.0000005668564241,1,0,0,0
0,0.12010918,0,0,0,0.0000006239740871,1,1,0,0
0,0.1244689452,0,0,0,0.0000006584902544,1,0,0,0
0,0.128001094,0,0,0,0.0000006131963115,1,0,0,0
0,0.1287452571,0,0,0,0.0000004677190792,1,0,0,0
0,0.1310750979,0,0,0,0.0000003993688822,1,0,0,0
0,0.1363551833,0,0,0,0.0000003317917746,1,0,0,0
0,0.2820745935,0,0,0,0.0000003100625884,0,0,0,0
0,0.3295684581,0,0,0,0.0000005805427189,0,0,0,0
0,0.329769988,0,0,0,0.0000001716069672,0,1,0,0
0,0.3293400576,0,0,0,0.0000004961001415,1,0,0,0
0,0.3292527281,0,0,0,0.0000002982022708,1,0,0,0
0,0.3291721161,0,0,0,0.0000003498142023,1,0,0,0
0,0.3292997516,0,0,0,0.0000001689102862,1,0,0,0
0,0.3291721161,0,0,0,0.0000004572640193,1,0,0,0
0,0.3292661633,0,0,0,0.0000004268696461,1,0,0,0
0,0.332645147,0,0,0,0.0000001248764658,1,0,0,0
0,0.3297363996,0,0,0,0.00000008609013218,1,0,0,0
0,0.3323965935,0,0,0,0.0000002186816652,1,0,0,0
0,0.373387762,0,0,0,0.00000002371003458,1,0,0,0
0,0.3708484862,0,0,0,0.0000001698268119,1,0,0,0
0,0.350964209,0,0,0,0.000001259659592,1,0,1,0
0,0.3440114297,0,0,0,-0.0000004012574674,1,0,0,0
0,0.3163010773,0,0,0,0.0000002567184872,1,0,0,0
0,0.2985664517,0,0,0,0.0000004339298311,1,0,0,0
0,0.3013206927,0,0,0,0.00000072888116,1,0,0,0
1,0.3338509671,0,0,0,0.0000004779743605,1,0,0,1
1,0.316065959,0,0,0,0.0000005066602442,1,0,0,1
1,0.2807982378,0,0,0,0.0000005225830747,1,0,0,1
1,0.2700499799,0,0,0,0.0000004188564791,1,0,0,1
1,0.3033695793,0,0,0,0.0000006048287558,1,0,0,1
1,0.3861311653,0,1,0,0.0000006666759068,1,0,0,1
1,0.4517627151,0,0,0,0.0000006022366325,1,0,0,1
0,0.5607567679,0,1,0,0.0000006620373704,1,0,0,0
0,0.6443580615,0,1,0,0.0000001184191038,1,0,0,0
0,0.5079223628,0,1,0,0.0000004755409248,1,0,0,0
0,0.43362503,0,1,0,0.0000001096422654,1,0,0,0
0,0.3587231076,0,1,0,-0.0000003176942622,1,0,0,0
1,0.4070230916,0,1,0,-0.0000001789019793,1,0,0,1
1,0.3888182298,0,1,0,0.00000002933192086,1,0,0,1
1,0.3445488426,0,1,0,-0.000000009231596799,1,0,0,1
1,0.3479748498,0,1,0,-0.0000001295152103,1,0,0,1
1,0.3699080135,0,1,0,-0.00000003442521565,1,0,0,1
1,0.3960397156,0,1,0,-0.0000001322892369,1,0,0,1
1,0.7182523346,0,1,0,0.000001116432027,1,1,1,1
1,0.6583307969,0,1,0,0.000000873136249,1,0,0,1
1,0.7036078334,0,1,0,0.0000001693065758,1,0,0,1
1,0.8045205397,0,1,0,0.00000007262492654,1,0,0,1
1,0.7553472598,0,1,0,-0.00000008508530843,1,0,0,1
1,0.8772645829,0,1,0,-0.00000006434832251,1,0,0,1
0,0.9471252015,0,1,0,0.0000001456136599,1,0,0,0
0,1,0,1,0,0.0000001747636773,1,0,0,0
0,0.840373796,0,1,0,0.0000001045034948,1,0,0,0
0,0.6977830562,0,1,0,0.0000001979563589,1,0,0,0
0,0.6470156376,0,1,0,-0.0000001020477991,1,0,0,0
0,0.7470543358,0,1,0,0.0000001311978166,1,0,0,0
0,0.6691723613,0,1,0,0.0000003044153151,1,0,0,0
0,0.5986685687,0,1,0,0.00000004251991629,1,0,0,0
0,0.6332542932,0,1,0,0.0000004211972884,1,0,0,0
0,0.6117589892,0,1,0,0.0000001601659307,1,0,0,0
0,0.6595569525,0,1,0,0.00000006780448683,1,0,0,0
0,0.6811190973,0,1,0,0.00000005434363633,1,0,0,0
0,0.667955131,0,1,0,0.0000002671251212,1,0,0,0
0,0.6390399535,0,1,0,0.000000297957745,1,0,0,0
0,0.7258874886,0,1,0,0.0000005267922035,1,0,0,0
0,0,0,0,0,0.0000007374408571,0,0,0,0
0,0,0,0,0,0.0000001057852476,0,0,0,0
0,0,0,0,0,-0.0000001033804272,0,0,0,0
0,0,0,0,0,0.0000001057852476,0,0,0,0
0,0,0,0,0,0.0000002066784139,0,0,0,0
0,0,0,0,0,0.0000005931597841,0,0,0,0
0,0,0,0,0,0.0000009620306429,0,0,1,0
0,0,0,0,0,0.0000002886934914,0,0,0,0
0,0,0,0,0,-0.00000009788600663,1,0,0,0
0,0,0,0,0,0.0000006562314901,1,0,0,0
0,0,0,0,0,-0.000000008075096049,1,0,0,0
0,0,0,0,0,0.00000039652888,1,0,0,0
0,0,0,0,0,-0.0000001441150009,1,0,0,0
0,0,0,0,0,0.00000007992510471,1,0,0,0
0,0,0,0,0,0.000000212149293,1,0,0,0
0,0,0,0,0,0.0000001257946738,1,0,0,0
0,0,0,0,0,0.0000003523284677,1,0,0,0
0,0,0,0,0,0.000000113822741,1,0,0,0
0,0.3735022265,0,0,0,0.0000003672227746,1,0,0,0
0,0.3546927619,0,0,0,-0.00000004876176497,1,0,0,0
0,0.3432727297,0,0,0,0.00000005432614741,1,0,0,0
0,0.3197608989,0,0,0,0.000000588119752,1,0,0,0
0,0.2982643679,0,0,0,0.0000008287601446,1,0,0,0
0,0.2955773015,0,0,0,0.0000004828485767,1,0,0,0
0,0.3318526976,0,0,0,0.0000005870410008,1,0,0,0
0,0.3170738326,0,0,0,0.000001113359558,1,0,1,0
0,0.3271503315,0,0,0,0.0000007290567272,1,0,0,0
0,0.2754243037,0,0,0,0.0000009895337117,1,0,1,0
0,0.2969208347,0,0,0,0.0000004006422059,1,0,0,0
0,0.3896246248,0,0,0,0.0000003948212976,1,0,0,0
0,0.4729236825,0,0,0,0.0000003360210283,1,0,0,0
0,0.604589935,0,1,0,0.0000002673525004,1,0,0,0
0,0.6536288964,0,1,0,0.000000194682098,1,0,0,0
0,0.5105426118,0,1,0,0.00000007971915856,1,0,0,0
0,0.4285870872,0,1,0,0.0000003109183612,1,0,0,0
0,0.3721586933,0,1,0,0.0000003173304555,1,0,0,0
1,0.4164952885,0,1,0,0.0000003153749941,1,0,0,1
1,0.4097776226,0,1,0,0.00000004483918445,1,0,0,1
1,0.3587233614,0,1,0,-0.00000002992310687,1,0,0,1
1,0.356036295,0,1,0,0.00000007162445792,1,0,0,1
0,0.3735022265,0,1,0,0.0000001918171197,1,0,0,0
0,0.3990293571,0,1,0,0.00000009686355262,1,0,0,0
0,0.725507922,0,1,0,0.000001180371067,1,1,1,0
0,0.6650489285,0,1,0,0.0000006412094328,1,0,0,0
0,0.7062953974,0,1,0,0.000000122784785,1,0,0,0
0,0.8276164443,0,1,0,0.0000002865433075,1,0,0,0
0,0.7738751168,0,1,0,0.0000002373384418,1,0,0,0
0,0,0,0,0,0.0000000418377786,1,0,0,0
0,0,0,1,0,-0.00000001732629744,1,0,0,0
0,0,0,1,0,0.0000001980473106,1,0,0,0
0,0,0,1,0,0.0000001400656066,1,0,0,0
0,0,0,1,0,0.0000001499338652,1,0,0,0
0,0,0,1,0,0.00000006634925975,1,0,0,0
0,0,0,1,0,0.000000176628187,1,0,0,0
0,0,0,1,0,0.000000112143437,1,0,0,0
0,0,0,1,0,0.00000008622220458,1,0,0,0
0,0,0,1,0,0.0000002871799694,1,0,0,0
0,0,0,1,0,0.00000004588512892,1,0,0,0
0,0,0,1,0,0.00000008185652334,1,0,0,0
0,0,0,1,0,0.0000002022765643,1,0,0,0
0,0,0,1,0,0.00000005911860019,1,0,0,0
0,0,0,0,0,0.0000001175095868,1,0,0,0
0,0,0,0,0,0.00000002041865499,1,0,0,0
0,0.0002775895015,0,0,0,0.0000002703301666,1,0,0,0
0,0.0002775895015,0,0,0,0.0000002707049808,1,0,0,0
0,0.0002775895015,0,0,0,0.000000270165646,1,0,0,0
0,0.0002775895015,0,0,0,0.0000002705934016,1,0,0,0
0,0.0002775895015,0,0,0,0.0000002706441817,1,0,0,0
0,0.0002775895015,0,0,0,0.0000002703469163,1,0,0,0
0,0.0002775895015,0,0,0,0.0000002702159845,1,0,0,0
0,0.0002775895015,0,0,0,0.0000002706295958,1,0,0,0
0,0.0002775895015,0,0,0,0.0000002705557858,1,0,0,0
0,0.0002642729782,0,0,0,0.0000002700485311,1,0,0,0
0,0.000263332505,0,0,0,0.0000002706987294,1,0,0,0
0,0.0002657508648,0,0,0,0.0000005902083785,1,0,0,0
0,0.0002665569847,0,0,0,-0.0000001910776877,1,0,0,0
0,0.0002646760382,0,0,0,-0.0000001897205432,1,0,0,0
0,0.0002660195714,0,0,0,0.00000007078225421,1,0,0,0
0,0.000260779792,0,0,0,-0.0000003878213296,1,0,0,0
0,0.0002664226313,0,1,0.4,-0.0000004945158799,1,0,0,0
0,0.0002626607384,0,1,0.4,-0.00000001989171499,1,0,0,0
0,0.0002642729782,0,1,0.4,-0.00000002337980508,1,0,0,0
0,0.0002661539247,0,1,0.4,0.0000004798400394,1,0,0,0
0,0.000270050171,0,1,0.4,0.00000008116545746,1,0,0,0
0,0.0002687066378,0,0,0,-0.0000005642711054,1,0,0,0
0,0.0002684379311,0,0,0,0.0000001924811798,1,0,0,0
0,0.0002684379311,0,0,0,-0.000000101482591,1,0,0,0
0,0.0002691096977,0,0,0,-0.00000002169567969,1,0,0,0
0,0.0002674974579,0,0,0,-0.0000002927996495,1,0,0,0
0,0.000269647111,0,0,0,0.0000001644696069,1,0,0,0
0,0.0002685722844,0,0,0,-0.0000001291877348,1,0,0,0
0,0.0002669600446,0,0,0,-0.0000002827208088,1,0,0,0
0,0.0002693784044,0,0,0,-0.000000560826834,1,0,0,0
0,0.0002691096977,0,0,0,0.0000003615327021,1,0,0,0
0,0.000270050171,0,0,0,0.0000004627348878,1,0,0,0
0,0.0002677661645,0,0,0,0.00000008910462794,1,0,0,0
0,0.0002664226313,0,0,0,-0.0000006331388471,1,0,0,0
0,0.0002673631046,0,0,0,-0.0000002252640759,1,0,0,0
0,0.0002648103915,0,0,0,-0.0000002536944692,1,0,0,0
0,0.0002654821581,0,0,0,0.0000004413242923,1,0,0,0
0,0.0002668256913,0,0,0,0.000000129439931,1,0,0,0
0,0.000266691338,0,0,0,0.0000006465215633,1,0,0,0
0,0.0002621233251,0,0,0,-0.0000002898822523,1,0,0,0
0,0.0002685722844,0,0,0,0.0000003359899297,1,0,0,0
0,0.0002653478048,0,0,0,0.000000005002343093,1,0,0,0
0,0.0002670943979,0,0,0,-0.00000002498423282,1,0,0,0
0,0.0002699158176,0,0,0,-0.0000003425761825,1,0,0,0
0,0.0002679005179,0,0,0,-0.0000001200372654,1,0,0,0
0,0.000270050171,0,0,0,0.0000006986526874,1,0,0,0
0,0.0002691096977,0,0,0,0.0000004296895729,1,0,0,0
1,0.0002695127577,0,0,0,0.00000005947181454,1,0,0,1
0,0.0002679005179,0,0,0,0.0000004033923741,1,0,0,0
0,0.0002680348712,0,0,0,0.00000005392104834,1,0,0,0
0,0.0002685722844,0,0,0,-0.0000005339721302,1,0,0,0
0,0.0002681692245,0,0,0,0.0000000587469442,1,0,0,0
0,0.0002684379311,0,0,0,0.0000002839471406,1,0,0,0
0,0.000269647111,0,0,0,0.0000005185975138,1,0,0,0
0,0.0002681692245,0,0,0,-0.00000005172350074,1,0,0,0
0,0.0002767678369,0,0,0,-0.0000007276410769,1,0,0,0
0,0.0002752899504,0,0,0,0.0000008789080888,1,0,0,0
0,0.0002752899504,0,0,0,0.00000161348405,1,0,1,0
0,0.0002743494772,0,0,0,0.0000008206896871,1,0,0,0
0,0.0003431383764,0,0,0,0.0000005536370458,1,0,0,0
0,0.0003744426997,0,0,0,0.0000009369219247,1,0,1,0
0,0.0003147898261,0,0,0,-0.000001296158796,1,0,0,0
0,0.0002837542095,0,0,0,-0.0000005369227487,1,0,0,0
0,0.0003014888476,0,0,0,-0.0000004958904051,1,0,0,0
0,0.0002786487834,0,0,0,0.0000003274837005,1,0,0,0
0,0.0002697814643,0,0,0,0.0000002583984784,1,0,0,0
0,0.0002701845243,0,0,0,-0.0000005163689281,1,0,0,0
0,0.0002684379311,0,0,0,-0.0000003800396339,1,0,0,0
0,0.000270050171,0,0,0,0.0000002049006298,1,0,0,0
0,0.0002684379311,0,0,0,-0.0000001518738804,1,0,0,0
0,0.0002697814643,0,0,0,-0.000000314797217,1,0,0,0
1,0.0003882810916,0,0,0,-0.0000002282992603,1,0,0,1
0,0.0003997011237,0,0,0,-0.0000004933328926,1,0,0,0
0,0.0002560774258,0,0,0,-0.0000004453507564,1,0,0,0
0,0.0002648103915,0,0,0,0.000001090022147,1,0,1,0
0,0.0002658852181,0,0,0,0.0000002568735206,1,0,0,0
0,0.0002669600446,0,0,0,-0.0000003296874739,1,0,0,0
0,0.0002622576785,0,0,0,-0.00000004651329929,1,0,0,0
0,0.0002805297298,0,0,0,0.0000005199318451,1,0,0,0
0,0.0003333305842,0,0,0,-0.00000006526457509,1,0,0,0
0,0.0003245976184,0,0,0,0.0000004722039263,1,0,0,0
0,0.0003245976184,0,0,0,0.000001099978336,1,0,1,0
0,0.0003245976184,0,0,0,0.00000185388582,1,0,1,0
0,0.0003245976184,0,0,0,0.0000007952102703,1,0,0,0
0,0.0003245976184,0,0,0,0.0000005174871642,1,0,0,0
0,0.0003245976184,0,0,0,0,1,0,0,0
0,0.0003245976184,0,0,0,0.00000009637148336,1,0,0,0
0,0.0003245976184,0,0,0,-0.0000001415573702,1,0,0,0
0,0.0003245976184,0,0,0,0.00000003246785387,1,0,0,0
0,0.000468086963,0,0,0,0,1,1,0,0
0,0.000468086963,0,0,0,0.0000003870001618,1,0,0,0
0,0.000468086963,0,0,0,0.0000003456104355,1,0,0,0
0,0.000468086963,0,0,0,-0.0000004663474895,1,0,0,0
0,0.000468086963,0,0,0,-0.0000000433264588,1,0,0,0
0,0.000468086963,0,0,0,-0.0000001312296479,1,0,0,0
0,0.000468086963,0,0,0,0,1,0,0,0
0,0.000468086963,0,0,0,0.0000001801720899,1,0,0,0
0,0.000471445796,0,0,0,0.0000001477615712,1,0,0,0
0,0.000471445796,0,0,0,-0.0000000609625111,1,0,0,0
0,0.000471445796,0,0,0,0.00000003158814572,1,0,0,0
0,0.000471445796,0,0,0,0.0000000330213092,1,0,0,0
0,0.000471445796,0,0,0,0.00000005354599226,1,0,0,0
0,0.0005841682305,0,0,0,-0.0000001911702837,1,1,0,0
0,0.0005841682305,0,0,0,0.00000009371959154,1,0,0,0
0,0.0005841682305,0,0,0,0.0000003558184273,1,0,0,0
0,0.0005841682305,0,0,0,0.0000005966840913,1,0,0,0
0,0.0005841682305,0,0,0,0.0000003044015548,1,0,0,0
0,0.0005841682305,0,0,0,0.000000005439709455,1,0,0,0
0,0.0005841682305,0,0,0,0.00000002072871008,1,0,0,0
0,0.0005841682305,0,0,0,0.0000001672027078,1,0,0,0
0,0.0005841682305,0,0,0,0.0000001531952379,1,0,0,0
0,0.0005841682305,0,0,0,0.0000001338344713,1,0,0,0
0,0.0005841682305,0,0,0,0.0000001102381202,1,0,0,0
0,0.0005841682305,0,0,0,0.000000261045568,1,0,0,0
0,0.0005257245368,0,0,0,0.0000004838814219,1,0,0,0
0,0.0005257245368,0,0,0,0.0000004501774741,1,0,0,0
0,0.0005257245368,0,0,0,0.0000004680339289,1,0,0,0
0,0.0005257245368,0,0,0,0.0000005281849673,1,0,0,0
0,0.0005257245368,0,0,0,0.000000512552465,1,0,0,0
0,0.0009404732322,0,0,0,0.0000004503378628,1,1,0,0
1,0.0009404732308,0,0,0,0.0000009322548491,1,0,1,0
1,0.0009404732308,0,0,0,0.0000004729488015,1,0,0,1
1,0.0009404732308,0,0,0,0.0000006775901099,1,0,0,1
1,0.0009404732308,0,0,0,0.0000007267949756,1,0,0,1
0,0.0009404732322,0,1,0.4,0.0000007758179379,1,0,0,0
0,0.0009404732322,0,0,0,0.000000550621547,1,0,0,0
0,0.0009404732322,0,0,0,0.000001086872727,1,0,1,0
0,0.0009404732322,0,0,0,0.000001145309189,1,0,1,0
0,0.0009404732322,0,0,0,0.0000006905507261,1,0,0,0
0,0.001477886508,0,0,0,0.0000009153833102,1,1,1,0
0,0.002687066378,0,0,0,0.0000009649519826,1,1,1,1
0,0.004476934727,0,0,0,0.0000006701775469,1,1,0,1
0,0.00448553334,0,0,0,0.0000009614503425,1,0,1,1
0,0.004530125206,0,0,0,0.0000005021442948,1,0,0,1
0,0.004555921043,0,0,0,0.0000004113745056,1,0,0,1
0,0.00455457751,0,0,0,0.0000004256993972,1,0,0,1
0,0.004551890444,0,0,0,0.0000003226511295,1,0,0,0
0,0.004551890444,0,0,0,0.0000002804495441,1,0,0,0
0,0.004551890444,0,0,0,0.0000002292437412,1,0,0,0
0,0.004574730508,0,0,0,0.0000001703070444,1,0,0,0
0,0.004957637467,0,0,0,0.0000001295606861,1,0,0,0
0,0.006032464018,0,0,0,0.0000001105517824,1,1,0,0
0,0.00604589935,0,0,0,0.0000001459774666,1,0,0,0
0,0.008267028418,0,0,0,0,1,1,0,0
0,0.008237739394,0,0,0,0.0000003686272101,1,0,0,0
0,0.007701400945,0,0,0,0.0000004013698194,1,0,0,0
0,0.007662975896,0,0,0,0.0000001910895062,1,0,0,0
0,0.007394537965,0,0,0,0.0000004983697996,1,0,0,0
0,0.007394941025,0,0,0,0.00000053197645,1,0,0,0
0,0.007356381622,0,0,0,0.0000007385277439,1,0,0,0
0,0.00778255035,0,0,0,0.0000005316126432,1,0,0,0
0,0.008083904844,0,0,0,0.0000005043271355,1,0,0,0
0,0.008471917229,0,0,0,0.0000003933660705,1,0,0,0
0,0.009324120331,0,0,0,0.0000003144200013,1,0,0,0
0,0.0096062623,0,0,0,0.0000004592605718,1,0,0,0
0,0.006661506257,0,0,0,0.0000004247367011,0,0,0,0
0,0.006661506257,0,0,0,0.0000001602077777,0,0,0,0
0,0.009596588861,0,0,0,0.0000003889872257,0,0,0,0
0,0.009596588861,0,0,0,0.0000004946714032,0,0,0,0
0,0.009596588861,0,0,0,0.0000002933613249,0,0,0,0
0,0.009596588861,0,0,0,0.000000137882766,0,0,0,0
0,0.009596723215,0,0,0,0.0000002005612291,0,0,0,0
0,0.009596723215,0,0,0,0.000000289656149,0,0,0,0
0,0.009596723215,0,0,0,0.00000008123241674,0,0,0,0
0,0.009596723215,0,0,0,0.0000001196321803,0,0,0,0
0,0.009596723215,0,0,0,0,0,0,0,0
0,0.009596723215,0,0,0,0.00000003895668805,0,0,0,0
0,0.009596723215,0,0,0,0.00000003847491971,0,0,0,0
0,0.009596723215,0,0,0,0.000000114606015,0,0,0,0
0,0.009596723215,0,0,0,0.0000001246313428,0,0,0,0
0,0.009596723215,0,0,0,0,1,0,0,0
0,0.009596723215,0,0,0,-0.00000001299315676,1,0,0,0
0,0.009596723215,0,0,0,0.0000002620468293,1,0,0,0
0,0.009596723215,0,0,0,0.0000001710761835,1,0,0,0
0,0.009596723215,0,0,0,0.00000002443863281,1,0,0,0
0,0.009596723215,0,0,0,0.00000003009888174,1,0,0,0
0,0.009596723215,0,0,0,-0.000000005961454112,1,0,0,0
0,0.009596723215,0,0,0,0.00000008333875452,1,0,0,0
0,0.009596723215,0,0,0,0.0000002553365784,1,0,0,0
0,0.009596723215,0,0,0,0.0000002057881696,1,0,0,0
0,0.009270379003,0,0,0,0.0000005758559918,1,0,0,0
0,0.009596723215,0,0,0,0.0000007464296924,1,0,0,0
0,0.009596723215,0,0,0,0.0000008974539302,1,0,0,0
0,0.01111101947,0,0,0,0.0000004332760064,1,1,0,0
0,0.01067719261,0,0,0,0.0000008190600906,1,0,0,0
0,0.009618085392,0,0,0,0.0000006983368508,1,0,0,0
0,0.009844873795,0,0,0,0.0000003674577183,1,0,0,0
0,0.01016853094,0,0,0,0.0000006305680848,1,0,0,0
0,0.01381985109,0,0,0,0.0000003590318065,1,1,0,0
0,0.01709632547,0,0,0,0.0000006285216717,1,1,0,0
0,0.01853524952,0,0,0,0.0000005276562446,1,0,0,0
0,0.02120270031,0,0,0,0.0000009398493155,1,0,1,0
1,0.02187849751,0,0,0,0.0000005183336961,1,0,0,1
1,0.02155322812,0,0,0,0.0000004676736033,1,0,0,1
1,0.02218831626,0,0,0,0.0000005915043328,1,0,0,1
1,0.02498891119,0,0,0,0.0000002184659656,1,0,0,1
1,0.02902166041,0,0,0,0.0000003463895213,1,1,0,0
0,0.03235778767,0,0,0,0.0000005093294786,1,0,0,0
0,0.0377184851,0,0,0,0.0000008687705677,1,1,0,0
1,0.04865780103,0,0,0,0.000001242945831,1,1,1,1
1,0.0915793871,0,0,0,0.000002090933937,1,1,1,1
1,0.0602425503,0,1,0,0.000001310341035,1,0,1,1
1,0.0751557687,0,1,0,0.00000007066946515,1,0,0,1
1,0.07392267394,0,1,0,0.0000004030069499,1,0,0,0
1,0.0842097045,0,1,0,0.0000005422539913,1,0,0,0
1,0.08317222817,0,1,0,0.0000003054157837,1,0,0,0
1,0.09798468158,0,0,0,0.0000002616225438,1,1,0,0
0,0.1048440903,0,1,0,0.0000004527120499,1,0,0,0
0,0.1056017086,0,0,0,0.0000002648513288,1,0,0,0
0,0.1035490586,0,0,0,0.00000009804592462,1,0,0,0
0,0.1022951391,0,0,0,0.0000002720819884,1,0,0,0
0,0.1039147684,0,0,0,0.0000003811330678,1,0,0,0
0,0.09722706322,0,0,0,0.0000003557575456,1,0,0,0
0,0.09323676965,0,0,0,0.0000002747195875,1,0,0,0
0,0.08420594261,0,0,0,0.0000001939544845,1,0,0,0
0,0.1044074569,0,0,0,0.000000686730755,1,1,0,0
0,0.1018666864,0,0,0,0.0000004798611302,1,0,0,0
0,0.1084929174,0,0,0,0.0000001959554217,1,0,0,0
0,0.1142918157,0,0,0,0.0000006376623168,1,0,0,0
0,0.1155449291,0,0,0,0.0000004264724866,1,0,0,0
0,0.1159603495,0,0,0,0.0000002599854133,1,0,0,0
0,0.1200446904,0,0,0,0.0000003127828708,1,0,0,0
0,0.004445079555,0,0,0,-0.0000004134167845,0,0,0,0
0,0.004445079555,0,0,0,0.00000145512952,0,0,1,0
0,0.006397770692,0,0,0,0.0000000465641919,0,0,0,0
0,0.006397770692,0,0,0,0.0000002230535115,0,0,0,0
0,0.006438224476,0,0,0,0.0000005071082104,0,0,0,0
0,0.006374997804,0,0,0,0.00000008831327468,0,0,0,0
0,0.006372270432,0,0,0,-0.00000002885132698,0,0,0,0
0,0.006432218883,0,0,0,0.00000004351459251,0,0,0,0
0,0.006389091468,0,0,0,-0.00000001434182183,0,0,0,0
0,0.006430835044,0,0,0,0.0000001299463768,0,0,0,0
0,0.006264854954,0,0,0,-0.00000004211211323,0,0,0,0
0,0.006392047241,0,0,0,0.00000002831198717,0,0,0,0
0,0.006397757257,0,0,0,-0.00000002813681526,0,0,0,0
0,0.006389091468,0,0,0,0.0000000850114602,0,0,0,0
0,0.006379310546,0,0,0,-0.00000002786655508,0,0,0,0
0,0.006392047241,0,0,0,0.0000000363156519,0,0,0,0
0,0.006405536314,0,0,0,0.00000007974973939,1,0,0,0
0,0.006420462967,0,0,0,0.00000008308384822,1,0,0,0
0,0.006391375474,0,0,0,0.00000008610044578,1,0,0,0
0,0.006420234567,0,0,0,0.0000001356096157,1,0,0,0
0,0.007444517399,0,0,0,0.0000001336003238,1,0,0,0
0,0.007512889803,0,0,0,0.000000242371529,1,0,0,0
0,0.007461875848,0,0,0,0.000000135457875,1,0,0,0
0,0.007483694827,0,0,0,0.0000000005106359087,1,0,0,0
0,0.007018106836,0,0,0,0.00000008577636107,1,0,0,0
0,0.007628984506,0,0,0,0.0000002524787305,1,0,0,0
0,0.007710805677,0,0,0,0.0000009469419431,1,0,1,0
0,0.007627775326,0,0,0,0.000001082234956,1,0,1,0
0,0.008852808888,0,0,0,0.0000006914761391,1,0,0,0
0,0.008919716841,0,0,0,0.00000048929516,1,0,0,0
0,0.008531838809,0,0,0,0.0000004454147452,1,0,0,0
0,0.007955060011,0,0,0,0.0000004121561821,1,0,0,0
0,0.010191371,0,0,0,0.000001055774866,1,1,1,0
0,0.01052644818,0,0,0,0.000001502521962,1,0,1,0
0,0.01387775737,0,0,0,0.000001202836135,1,1,1,0
0,0.0145914422,0,0,0,0.0000006086487269,1,0,0,0
0,0.01709417582,0,0,0,0.0000003388860066,1,1,0,0
0,0.02096355141,0,0,0,0.0000002512540508,1,1,0,0
0,0.01922595993,0,0,0,0.0000003784045171,1,0,0,0
0,0.01764959244,0,0,0,0.0000001971832696,1,0,0,0
0,0.01635778528,0,0,0,0.00000003269713349,1,0,0,0
0,0.01858603507,0,0,0,0.0000001637130467,1,0,0,0
0,0.0201476237,0,0,0,0.0000006189262681,1,0,0,0
0,0.01924208233,0,0,0,0.0000004868189346,1,0,0,0
0,0.01987609564,0,0,0,0.000000582863922,1,0,0,0
0,0.02283737714,0,0,0,0.0000001299244929,1,0,0,0
0,0.02506468646,0,0,0,0.0000006952347382,1,0,0,0
0,0.02399899594,0,0,0,0.0000003335653326,1,0,0,0
0,0.0237323046,0,0,0,0.0000002740374498,1,0,0,0
0,0.0241453067,0,0,0,0.0000002980032208,1,0,0,1
0,0.02991376645,0,0,0,0.0000003106455061,1,1,0,0
0,0.03329745479,0,0,0,0.0000003095995616,1,0,0,0
0,0.03421710325,0,0,0,0.0000003125100158,1,0,0,0
0,0.03745998931,0,0,0,0.0000001923628298,1,0,0,0
0,0.04083561645,0,0,0,0.0000002451602874,1,0,0,0
0,0.03922686981,0,0,0,0.0000002916820782,1,0,0,0
0,0.03504969077,0,0,0,0.0000001787655518,1,0,0,0
0,0.03789354747,0,0,0,0.0000002138729051,1,0,0,0
0,0.04120159489,0,0,0,0.0000002237866396,1,0,0,0
0,0.0461326304,0,0,0,0.0000004060993075,1,0,0,0
0,0.03790940116,0,0,0,0.0000004014152953,1,0,0,0
0,0.04266456818,0,0,0,0.0000004425254603,1,0,0,0
0,0.04069629206,0,0,0,0.0000001144172293,1,0,0,0
0,0.04082997361,0,0,0,0.0000001331987538,1,0,0,0
0,0.03940582843,0,0,0,0.000000296775373,1,0,0,0
0,0.04100463292,0,0,0,0.0000002229225986,1,0,0,0
0,0.0404741118,0,0,0,0.0000001878607211,1,0,0,0
0,0.04264032869,0,0,0,0.0000001715348922,1,0,0,0
0,0.001232019934,0,0,0,0.000001136896157,0,0,1,0
0,0.001232019934,0,0,0,0.000001455227082,0,0,1,0
0,0.001007649892,0,0,0,0.000001736883077,0,0,1,0
0,0.0006717665944,0,0,0,0.000001296350661,0,1,1,0
0,0.0007623207313,0,0,0,0.000001583088772,0,1,1,0
0,0.0007600367249,0,0,0,0.0000008634126376,0,0,0,0
0,0.001642872383,0,0,0,0.000002580992068,0,0,1,0
0,0.001642872383,0,0,0,0.000002613634926,0,1,1,0
0,0.001642872383,0,0,0,0.000001825698922,0,0,1,0
0,0.002951742416,0,0,0,0.000001045935007,0,1,1,0
0,0.004813073296,0,0,0,0.00000007392481868,0,1,0,0
0,0.004813073296,0,0,0,0.000001055088057,0,0,1,0
0,0.004813073296,0,0,0,0.0000002362182235,0,0,0,0
0,0.004813073296,0,0,0,-0.00000005612809053,0,0,0,0
0,0.004813073296,0,0,0,0.0000001136590055,0,0,0,0
0,0.004813073296,0,0,0,0.0000002665914958,0,0,0,0
0,0.004813073296,0,0,0,0.0000002598831017,1,0,0,0
0,0.004819925315,0,0,0,0.0000001053785839,1,0,0,0
0,0.005771549873,0,0,0,0.0000001993649015,1,1,0,0
0,0.006594060891,0,0,0,-0.00000009873542113,1,1,0,0
0,0.006798949702,0,0,0,0.0000001009267032,1,0,0,0
0,0.006798949702,0,0,0,0.0000001034912634,1,0,0,0
0,0.006750045094,0,0,0,0.0000002459456151,1,0,0,0
0,0.006748029794,0,0,0,0.0000002609780817,1,0,0,0
0,0.006748029794,0,0,0,0.0000001925142982,1,0,0,0
0,0.006749238974,0,0,0,0.0000001128423548,1,0,0,0
0,0.006753269574,0,0,0,-0.00000001068499007,1,0,0,0
0,0.00675474746,0,0,0,-0.00000005122943214,1,0,0,0
0,0.006772616452,0,0,0,0.0000000517758459,1,0,0,0
0,0.00678390213,0,0,0,0.00000007692910784,1,0,0,0
0,0.006753806987,0,0,0,0.00000008712445652,1,0,0,0
0,0.006395217979,0,0,0,0.0000001999773543,1,0,0,0
0,0.006122346388,0,0,0,0.0000001460397215,1,0,0,0
0,0.005219760792,0,0,0,0.0000003271235934,1,0,0,0
0,0.005582111693,0,0,0,0.0000007266543483,1,0,0,0
0,0.005156346025,0,0,0,0.0000003186477216,1,0,0,0
0,0.005648347879,0,0,0,0.0000004990194157,1,0,0,0
0,0.005804063376,0,0,0,0.0000004917826469,1,0,0,0
0,0.005221574562,0,0,0,0.0000004420277221,1,0,0,0
0,0.005023201886,0,0,0,0.0000003934294207,1,0,0,0
0,0.005823074369,0,0,0,0.000000427836762,1,0,0,0
0,0.007165532731,0,0,0,0.0000005681297478,1,0,0,0
0,0.008420661436,0,0,0,0.0000004787697098,1,0,0,0
1,0.01083022103,0,1,0.13,0.0000002823140538,1,0,0,1
1,0.01283235419,0,0,0,0.0000005660833347,1,0,0,1
0,0.01292653587,0,0,0,0.000000351482816,1,1,0,0
0,0.01170445808,0,1,0.13,0.0000003971860416,1,0,0,0
0,0.01047996193,0,1,0.13,0.0000001227393092,1,0,0,0
0,0.0110312136,0,1,0.13,0.0000001077322799,1,0,0,0
0,0.01091190785,0,1,0.13,0.0000001427032057,1,0,0,0
0,0.01080590308,0,1,0.13,0.0000002740374498,1,0,0,0
0,0.01094966114,0,0,0,0.0000004088733341,1,0,0,0
0,0.01215722877,0,0,0,0.0000002610313578,1,0,0,0
0,0.01296670751,0,0,0,0.0000002357013114,1,0,0,0
0,0.01203751996,0,0,0,0.0000002338368017,1,0,0,0
0,0.01137824822,0,0,0,0.0000002784940827,1,0,0,0
0,0.0118224203,0,0,0,0.0000001358363529,1,0,0,0
0,0.01305121575,0,0,0,0.000000047340356,1,0,0,0
0,0.01243453402,0,0,0,0.0000001248311981,1,0,0,0
0,0.01355221928,0,0,0,0.00000003137833395,1,0,0,0
0,0.01426697893,0,0,0,0.00000008745005243,1,0,0,0
0,0.01553124366,0,0,0,0.00000002787669378,1,0,0,0
0,0.01365970193,0,0,0,0.0000001263773769,1,0,0,0
0,0.01175578105,0,0,0,0.00000005288840925,1,0,0,0
0,0.01104075269,0,0,0,0.00000006789543853,1,0,0,0
0,0.01242687588,0,0,0,0.00000004470275691,1,0,0,0
0,0.01136172276,0,0,0,0.0000001493881551,1,0,0,0
0,0.01036294019,0,0,0,0.00000009258882307,1,0,0,0
0,0.01088020047,0,0,0,0.000000176946518,1,0,0,0
0,0.01056030522,0,0,0,0.0000000442025226,1,0,0,0
0,0.01122777251,0,0,0,0.00000004520299122,1,0,0,0
0,0.01152375287,0,0,0,0.00000004124659259,1,0,0,0
0,0.01133068715,0,0,0,0.00000005852741419,1,0,0,0
0,0.01094979549,0,0,0,0.00000008554006689,1,0,0,0
0,0.01184996273,0,0,0,0.00000002014579991,1,0,0,0
0,0,0,0,0,0.0000001411077516,0,0,0,0
0,0,0,0,0,0.0000002807479692,0,0,0,0
0,0,0,0,0,0.0000003120965979,0,0,0,0
0,0,0,0,0,0.00000007032370533,0,0,0,0
0,0,0,0,0,-0.0000001546174289,0,0,0,0
0,0,0,0,0,0.0000002140819522,0,0,0,0
0,0,0,0,0,0.000000196716137,1,0,0,0
0,0,0,0,0,0.0000002827409268,1,0,0,0
0,0,0,0,0,0.000000132407604,1,0,0,0
0,0,0,0,0,-0.00000004677156153,1,0,0,0
0,0,0,0,0,0.00000004265774271,1,0,0,0
0,0,0,0,0,0.0000002092567634,1,0,0,0
0,0,0,0,0,0.0000003701943213,1,0,0,0
0,0,0,0,0,-0.0000002070536456,1,0,0,0
0,0,0,0,0,0.0000001243043823,1,0,0,0
0,0,0,0,0,0.0000005003800294,1,0,0,0
0,0,0,0,0,0.000000609989006,1,0,0,0
0,0,0,0,0,0.0000007038944472,1,0,0,0
0,0,0,0,0,-0.0000000003750945121,1,0,0,0
0,0.0008839037659,0,0,0,0.0000005308609029,1,1,0,0
0,0.0008279105182,0,0,0,0.0000005120324455,1,0,0,0
0,0.0008258240757,0,0,0,0.000001750997953,1,0,1,0
0,0.0008478689818,0,0,0,0.0000008338648738,1,0,0,0
0,0.0008751518953,0,0,0,0.000001016617369,1,0,1,0
0,0.0008707279254,0,0,0,0.0000007176693907,1,0,0,0
0,0.000766638053,0,0,0,0.0000004578609853,1,0,0,0
0,0.0007314929982,0,0,0,0.0000004533941876,1,0,0,0
0,0.0008556991215,0,0,0,0.0000009347560207,1,1,0,0
0,0.0009004914136,0,0,0,0.0000002674889279,1,0,1,0
0,0.001005713893,0,0,0,0.000001010564256,1,0,0,0
0,0.001085946645,0,0,0,0.000001860371396,1,0,1,0
0,0.001342995991,0,0,0,0.0000001467050802,1,1,1,0
0,0.004456163147,0,0,0,0.0000002842240394,1,1,0,0
0,0.005563284425,0,1,0,0.0000005350233317,1,1,0,0
0,0.007192361825,0,1,0,0.000001555774178,1,1,0,0
0,0.01027951943,0,1,0,0.000002229225986,1,1,1,0
0,0.012093008,0,1,0,0.0000003590318065,1,1,1,0
1,0.02639554398,0,1,0,0.00000202663109,1,1,0,1
1,0.02939897568,0,1,0,0.000002598626285,1,0,1,1
1,0.02955418366,0,1,0,0.000002611041191,1,0,1,1
1,0.02940541013,0,0,0,0.000003307412826,1,0,1,1
0,0.02940470172,0,0,0,0.00000133207849,1,0,1,0
0,0.02940456737,0,0,0,0.0000004853637076,1,0,1,1
0,0.02940456737,0,0,0,0.0000003575311036,1,0,0,0
0,0.1315990758,0,0,0,0.0000003009591508,1,1,0,0
0,0.1471840608,0,0,0,0.0000003155114216,1,0,0,0
0,0.1517520737,0,0,0,0.0000008580837438,1,0,0,0
0,0.1698225951,0,0,0,0.0000005858653279,1,0,0,0
0,0.1833922803,0,0,0,0.0000006381625511,1,0,0,0
0,0.1778166175,0,1,0,0.0000006821831703,1,0,0,0
0,0.1733157814,0,1,0,0.0000008120167115,1,0,0,0
0,0.1723350021,0,0,0,0.0000003737205049,1,0,0,0
0,0.1584939232,0,0,0,0.000000246160756,1,0,0,0
0,0.1781021183,0,0,0,0.000000526655776,1,0,0,0
1,0.2009670379,0,0,0,0.0000005704035401,1,0,0,1
1,0.2024189942,0,0,0,0.0000006239286112,1,0,0,1
1,0.2126369672,0,0,0,0.0000004930036497,1,0,0,1
1,0.2086103982,0,0,0,0.000000555942221,1,0,0,1
1,0.2085163509,0,0,0,0.0000003863173143,1,0,0,1
1,0.2085835276,0,0,0,0.000000365989611,1,0,0,1
0,0.0002769021902,0,0,0,0.0000001868870396,0,0,0,0
0,0.0002747525371,0,0,0,0.0000004185764324,0,0,0,0
0,0.0002752899504,0,0,0,0.0000001097916861,0,0,0,0
0,0.0002750212438,0,0,0,-0.0000003745778664,0,0,0,0
0,0.0002748197138,0,0,0,-0.0000002333069564,0,0,0,0
0,0.0002752227737,0,0,0,-0.0000003071313766,0,0,0,0
0,0.0002758273637,0,0,0,-0.0000003297672848,0,0,0,0
0,0.0002741479472,0,0,0,-0.00000007077297063,0,0,0,0
0,0.0002756930103,0,0,0,-0.000000072319733,0,0,0,0
0,0.0002752899504,0,0,0,0.0000002200303904,0,0,0,0
0,0.0002751555971,0,0,0,0.000000699724122,1,0,0,0
0,0.000275558657,0,0,0,0.0000001818890066,1,0,0,0
0,0.0002752227737,0,0,0,0.0000001164806582,1,0,0,0
0,0.0002752227737,0,0,0,0.00000005695433545,1,0,0,0
0,0.000254263656,0,0,0,0.00000005624985747,1,0,0,0
0,0.0002771708969,0,0,0,0.0000002215928312,1,0,0,0
0,0.000281671733,0,0,0,0.0000002645913021,1,0,0,0
0,0.0002819404397,0,0,0,0.00000044972205,1,0,0,0
0,0.000281873263,0,0,0,0.0000003183956277,1,0,0,0
0,0.0002819404397,0,0,0,0.00000004232889454,1,0,0,0
0,0.0003401826034,0,0,0,0.000001600154662,1,0,1,0
0,0.0003232540852,0,0,0,-0.0000008219149383,1,0,0,0
0,0.0002914795253,0,0,0,-0.0000001798658076,1,0,0,0
0,0.0002861053926,0,0,0,0.00000003449762311,1,0,0,0
0,0.0002861053926,0,0,0,0,1,0,0,0
0,0.0002764319536,0,0,0,-0.00000006847579418,1,0,0,0
0,0.0002762304236,0,0,0,-0.00000006928616799,1,0,0,0
0,0.0002774396035,0,0,0,0.0000001056572625,1,0,0,0
0,0.0002774396035,0,0,0,-0.00000003449762311,1,0,0,0
0,0.0002774396035,0,0,0,-0.00000006928616799,1,0,0,0
0,0.0002774396035,0,0,0,-0.0000001058973927,1,0,0,0
0,0.0002774396035,0,0,0,-0.0000001804577563,1,0,0,0
0,0.0002799923166,0,0,0,-0.0000002470539418,1,0,0,0
0,0.0002638027416,0,0,0,0.0000001091008814,1,1,0,0
0,0.000263735565,0,0,0,-0.00000006609477109,1,0,0,0
0,0.0002738792405,0,0,0,-0.00000002038914708,1,0,0,0
0,0.0002697814643,0,0,0,0.00000004123143399,1,0,0,0
0,0.0002713937041,0,0,0,0.0000002563825021,1,0,0,0
0,0.0002703188776,0,0,0,-0.00000001466310364,1,0,0,0
0,0.0002897329322,0,0,0,0.00000003905900911,1,0,0,0
0,0.0003375627137,0,0,0,0.0000001785437451,1,1,0,0
0,0.0003375627137,0,0,0,0.0000002741520371,1,0,0,0
0,0.0003375627137,0,0,0,0.0000003943506921,1,0,0,0
0,0.0003375627137,0,0,0,0.0000002257517191,1,0,0,0
0,0.0003375627137,0,0,0,0.0000001766615587,1,0,0,0
0,0.0003354802373,0,0,0,0.00000003466587192,1,0,0,0
0,0.0003354802373,0,0,0,0.0000002756111897,1,0,0,0
0,0.0004134051622,0,0,0,0.0000001949865889,1,0,0,0
0,0.0003894230948,0,0,0,0.0000003113860814,1,0,0,0
0,0.0004265046108,0,0,0,0.0000001166047341,1,0,0,0
0,0.0004798428784,0,0,0,0.0000003126858641,1,1,0,0
0,0.0004798428784,0,0,0,0.0000003480437382,1,0,0,0
0,0.0004798428784,0,0,0,0.0000003005500902,1,0,0,0
0,0.0004798428784,0,0,0,0.00000003535224801,1,0,0,0
0,0.0004798428784,0,0,0,0.0000001748874762,1,0,0,0
0,0.0004798428784,0,0,0,0.00000007726508553,1,0,0,0
0,0.0004798428784,0,0,0,0.00000008587868982,1,0,0,0
0,0.0004793726418,0,0,0,0.0000001484209472,1,0,0,0
0,0.0004774916953,0,0,0,0.0000001437299865,1,0,0,0
0,0.0004776932253,0,0,0,0.00000003572188096,1,0,0,0
0,0.0004778947553,0,0,0,0.00000007199109356,1,0,0,0
0,0.0004778947553,0,0,0,0.00000009456471694,1,0,0,0
0,0.0004778947553,0,0,0,0.00000006026816755,1,0,0,0
0,0.0004800444084,0,0,0,0.0000000457133455,1,0,0,0
0,0.0004804474683,0,0,0,0.0000001883581296,1,0,0,0
0,0.0004797757017,0,0,0,0.0000001586851391,1,0,0,0
0,0.0004797757017,0,0,0,0.0000001654575374,1,0,0,0
0,0.0009529680908,0,0,0,0.00000009784163134,1,2,0,0
0,0.0009564612771,0,0,0,0.0000001384983027,1,0,0,0
0,0.0009604918767,0,0,0,0.0000001733717343,1,0,0,0
0,0.000958073517,0,0,0,0.0000002220370432,1,0,0,0
0,0.0009350990994,0,0,0,0.0000003049359595,1,0,0,0
0,0.0009934084398,0,0,0,0.0000003834301133,1,0,0,0
0,0.000895733577,0,0,0,0.0000004897119265,1,0,0,0
0,0.0008972114635,0,0,0,0.0000006281232469,1,0,0,0
0,0.0009035260695,0,0,0,0.0000005116521419,1,0,0,0
0,0.001165246335,0,0,0,0.0000005146827278,1,0,0,0
0,0.001166321161,0,0,0,0.0000004643388436,1,0,0,1
0,0.001166724221,0,0,0,0.000000556370905,1,0,0,1
0,0.001107608761,0,0,0,0.0000006317902218,1,0,0,0
0,0.001001440959,0,0,0,0.0000006473941479,1,0,0,0
0,0.001285185757,0,0,0,0.0000007158352966,1,1,0,0
0,0.001446058755,0,0,0,0.0000006548521867,1,0,0,0
0,0.001641658344,0,0,0,0.0000005724044774,1,0,0,0
0,0.002666798708,0,0,0,0.0000005084199616,1,1,0,0
0,0.003436146272,0,1,0.36,0.0000007367541859,1,1,0,0
0,0.002933478579,0,1,0.36,0.0000008526721181,1,0,0,0
0,0.002592942563,0,1,0.36,0.000000736435855,1,0,0,0
0,0.00319455308,0,0,0,0.0000005862746105,1,1,0,0
0,0.003407215431,0,1,0.36,0.0000006596726264,1,0,0,1
0,0.003442838224,0,0,0,0.0000006496679402,1,0,0,0
0,0.003685355466,0,0,0,0.0000007078770235,1,0,0,0
0,0.004101806826,0,0,0,0.0000006217912465,1,0,0,0
0,0.004564654009,0,1,0.36,0.0000004490285064,1,0,0,0
0,0.004760809855,0,0,0,0.0000004012788677,1,0,0,0
0,0.004900537306,0,0,0,0.0000003960491454,1,0,0,0
0,0.006291094157,0,0,0,0.0000003328831949,1,1,0,0
0,0.006539647797,0,0,0,0.0000003921382226,1,0,0,0
0,0.007873104487,0,0,0,0.0000003125100158,1,1,0,0
0,0.008268775011,0,0,0,0.0000002369746351,1,0,0,0
0,0.01016853094,0,0,0,0.000000244387198,1,1,0,0
0,0.01629235521,0,0,0,0.0000002592123239,1,1,0,0
0,0.01160812675,0,0,0,0.0000004173318415,1,0,0,0
0,0.008921060374,0,0,0,0.0000002640327636,1,0,0,0
0,0.007564091853,0,0,0,0.00000006330237805,1,0,0,0
0,0.008497847419,0,0,0,0.0000001542995465,1,0,0,0
0,0.009364426326,0,0,0,0.0000002131907675,1,0,0,0
0,0.009149461016,0,0,0,0.0000003224237503,1,0,0,0
0,0.01250157632,0,0,0,0.0000005246093629,1,1,0,0
0,0.009915274934,0,0,0,0.0000003242427841,1,0,0,0
0,0.008909774695,0,0,0,0.0000001935906777,1,0,0,0
0,0.0109402564,0,0,0,0.0000002273792315,1,1,0,0
0,0.01142157717,0,0,0,0.000000257120435,1,0,0,0
0,0.01409346162,0,0,0,0.0000002615770679,1,1,0,0
0,0.06608705403,0,0,0,0.000001001059876,0,0,1,0
0,0.06037435091,0,0,0,0.000001117888708,0,0,1,0
0,0.1744322574,0,0,0,0.000001136728499,0,0,1,0
0,0.06717665944,0,0,0,0.000003279239884,0,0,1,0
0,0.07437127967,0,0,0,0.000001710487857,0,1,1,0
0,0.07415094023,0,0,0,0.0000006265812746,0,0,0,0
0,0.1602835094,0,0,0,0.000002256172192,0,1,1,0
0,0.1602835094,0,0,0,0.000003051418242,0,0,1,0
0,0.1602835094,0,0,0,0.00000314427852,0,0,1,0
0,0.2879729037,0,0,0,0.0000001890412827,0,1,0,0
0,0.4695648495,0,0,0,0.0000001593010759,0,1,0,0
0,0.4695648495,0,0,0,0.0000006837711282,0,0,0,0
0,0.4695648495,0,0,0,0.0000003186118736,0,0,0,0
0,0.4695648495,0,0,0,-0.00000002707149044,0,0,0,0
0,0.4695648495,0,0,0,0.0000001906352731,0,0,0,0
0,0.4695648495,0,0,0,0,0,0,0,0
0,0.4695648495,0,1,0.06,0.0000002186266298,1,0,0,0
0,0.4702366161,0,0,0,0.0000002503374542,1,0,0,0
0,0.0005638808794,0,1,0.06,0.0000002372448113,1,2,0,0
0,0.0005642839393,0,0,0,-0.0000003758222469,1,0,0,0
0,0.0005642839393,0,0,0,0.00000008194222084,1,0,0,0
0,0.0005642839393,0,0,0,-0.00000008049185067,1,0,0,0
0,0.0005642839393,0,0,0,0.0000002630303564,1,0,0,0
0,0.0005642839393,0,1,0.06,0.00000004414688841,1,0,0,0
0,0.0005642839393,0,0,0,0.0000002701071313,1,0,0,0
0,0.0006986372582,0,0,0,0.0000002523902877,1,1,0,0
0,0.0006986372582,0,0,0,0.0000002062830807,1,0,0,0
0,0.0006986372582,0,0,0,0.000000129319674,1,0,0,0
0,0.0006986372582,0,0,0,0.0000001136334062,1,0,0,0
0,0.0006986372582,0,0,0,0.0000001275458418,1,0,0,0
0,0.0006986372582,0,0,0,0.00000007106235304,1,0,0,0
0,0.0006448959306,0,0,0,0.0000001934175974,1,0,0,0
0,0.0006381782647,0,0,0,0.0000001235108944,1,0,0,0
0,0.0005192755775,0,0,0,0.0000002630721236,1,0,0,0
0,0.0005710016053,0,0,0,0.0000002130835078,1,1,0,0
0,0.0006330728386,0,0,0,0.0000004573434502,1,0,0,0
0,0.0007506319926,0,0,0,0.0000001497578044,1,0,0,0
0,0.0005743604382,0,0,0,0.0000003726688327,1,0,0,0
0,0.0006180252669,0,0,0,0.0000002105650294,1,1,0,0
0,0.0005441309415,0,1,0.06,0.000000389142267,1,0,0,0
0,0.0005625373448,0,1,0.06,0.0000004552586973,1,0,0,0
0,0.0006927928875,0,1,0.06,0.0000004048714596,1,0,0,0
0,0.0008272805597,0,1,0.06,0.0000006217912465,1,0,0,0
0,0.0009768829816,0,0,0,0.000000408009293,1,0,0,0
0,0.001164305861,0,0,0,0.0000003909103748,1,0,0,0
0,0.001016987447,0,0,0,0.0000003433881154,1,0,0,0
0,0.001128836585,0,0,0,0.0000002800857374,1,1,0,0
0,0.001045067291,0,0,0,0.00000037399336,1,0,0,0
0,0.001207097394,0,0,0,0.0000003254251561,1,0,0,0
0,0.001215360123,0,0,0,0.0000003511644851,1,0,0,0
0,0.001124201396,0,0,0,0.0000002956839526,1,0,0,0
1,0.001161484442,0,0,0,0.0000003498456856,1,0,0,1
1,0.001277229826,0,0,0,0.0000002509357199,1,0,0,1
1,0.001406141835,0,0,0,0.0000001837224191,1,0,0,1
1,0.001331710097,0,0,0,0.0000002466155145,1,0,0,1
1,0.001277431356,0,0,0,0.0000002834054741,1,0,0,1
0,0.001341517889,0,0,0,0.0000001697613342,1,0,0,0
0,0.001541704334,0,0,0,0.0000001636675708,1,0,0,0
0,0.001479230041,0,0,0,0.0000001410660752,1,0,0,0
0,0.001682775319,0,0,0,0.0000001258771426,1,0,0,0
0,0.001861196526,0,0,0,0.0000001259680942,1,0,0,0
0,0.001972709781,0,0,0,0.0000000903605066,1,0,0,0
0,0.001792407627,0,0,0,0.0000001230576401,1,0,0,0
0,0.001623391152,0,0,0,0.0000001238762053,1,0,0,0
0,0.001611433707,0,0,0,0.0000001646680395,1,0,0,0
0,0.00183177315,0,0,0,0.00000006566712206,1,0,0,0
0,0.001742696899,0,0,0,0.0000001884064312,1,0,0,0
0,0.001640050964,0,0,0,0.0000001563459596,1,0,0,0
0,0.001759894124,0,0,0,0.0000002234228329,1,0,0,0
0,0.00176983627,0,0,0,0.0000001605297374,1,0,0,0
0,0.001931866372,0,0,0,0.0000002005030063,1,0,0,0
0,0.00201435931,0,0,0,0.0000001610299717,1,0,0,0
0,0.002083282563,0,0,0,0.0000002337003741,1,0,0,0
0,0.002220988932,0,0,0,0.0000002639872878,1,0,0,0
0,0.002502212062,0,0,0,0.0000002239230672,1,0,0,0
0,0.0000006685421148,0,0,0,0.0000001299309894,0,0,0,0
0,0.0000006685421148,0,0,0,0.0000001263217953,0,0,0,0
0,0.0000006674672882,0,0,0,0.0000001229076927,0,0,0,0
0,0.0000006674672882,0,0,0,0.0000003590198392,0,0,0,0
0,0.000000666123755,0,0,0,0.0000001109166983,0,0,0,0
0,0.0000006663924617,0,0,0,0.0000002165516491,0,0,0,0
0,0.0000009595514035,0,0,0,0.0000001033541961,0,0,0,0
0,0.0000009592826968,0,0,0,0.0000002021148724,0,1,0,0
0,0.0000009660003628,0,0,0,0.0000002902713593,0,0,0,0
0,0.0000009563269238,0,0,0,0.0000001819033852,0,0,0,0
0,0.0000009560582172,0,0,0,0.0000001749071011,0,0,0,0
0,0.0000009646568296,0,0,0,0.0000001684290604,0,0,0,0
0,0.0000009587452836,0,0,0,0.0000001624137368,0,0,0,0
0,0.0000009646568296,0,0,0,0.0000001411319368,0,0,0,0
0,0.0000009565956305,0,0,0,0.0000001444884749,0,0,0,0
0,0.0000009590139902,0,0,0,0.00000005159334264,0,0,0,0
0,0.0000009598201101,0,0,0,0.00000009474134644,0,0,0,0
0,0.0000009584765769,0,0,0,0.0000001570594378,0,0,0,0
0,0.0000009568643371,0,0,0,0.000000006900735389,0,0,0,0
0,0.0000009587452836,0,0,0,0.0000000620125177,0,0,0,0
0,0.00000096062623,0,0,0,-0.00000002039275618,0,0,0,0
0,0.0000009630445898,0,0,0,0.000000136564103,1,0,0,0
0,0.0000009587452836,0,0,0,0.0000003712313984,1,0,0,0
0,0.0000009630445898,0,0,0,0.0000004657903394,1,0,0,0
0,0.0000009544459774,0,0,0,0.0000002279351709,1,0,0,0
0,0.0000009630445898,0,0,0,0.0000004870521375,1,0,0,0
0,0.0000009574017504,0,0,0,0.0000001147655427,1,0,0,0
0,0.0000009594170501,0,0,0,0.0000001166047341,1,0,0,0
0,0.0000009596857568,0,0,0,0.0000002965816063,1,0,0,0
0,0.0000009596857568,0,0,0,0.0000002165516491,1,0,0,0
0,0.0000008637574871,0,0,0,0.0000002952977033,1,0,0,0
0,0.0000008637574871,0,0,0,0.0000003604792694,1,0,0,0
0,0.0000008637574871,0,0,0,0.0000004624662338,1,0,0,0
0,0.000001065959232,0,0,0,0.0000008628750322,1,0,0,0
0,0.000001019607337,0,0,0,0.000000901676263,1,1,0,0
0,0.000001056285793,0,0,0,0.0000007361198142,1,0,0,0
0,0.000001044597054,0,0,0,0.0000004364554908,1,0,0,0
0,0.000001078991504,0,0,0,0.0000005333862012,1,0,0,0
0,0.000001182309206,0,0,0,0.0000006365254207,1,0,0,0
0,0.000001247470566,0,0,0,0.0000005682206995,1,0,0,0
0,0.000001660607021,0,1,0,0.0000008955103653,1,1,0,0
0,0.000002828137363,0,1,0,0.0000009103809671,1,1,1,0
0,0.000007564091853,0,1,0,0.000001702160927,1,1,1,0
0,0.00001945436057,0,1,0,0.000002492076377,1,1,1,0
0,0.00001034520555,0,1,0,0.0000021386381,1,0,1,0
0,0.00001276356529,0,1,0,0.000002457605686,1,1,1,0
0,0.00002473444601,0,1,0,0.000005834278225,1,1,1,0
0,0.00006166817337,0,1,0,0.000004982242769,1,1,1,0
0,0.0001173307534,0,1,0,0.000004443035659,1,1,1,0
0,0.0004231592132,0,1,0,0.000007536484628,1,1,1,0
0,0.0007537221189,0,1,0,0.00000833404002,1,1,1,0
0,0.000939129699,0,1,0,0.00000248361787,1,1,1,0
1,0.001313975459,0,0,0,0.000001587334415,1,1,1,1
1,0.001729127214,0,0,0,0.000001959781596,1,1,1,1
1,0.001934687792,0,0,0,0.000001110065408,1,0,1,1
1,0.003258067983,0,0,0,0.000001112157297,1,1,1,1
0,0.003708151601,0,0,0,0.000001218297922,1,0,1,0
0,0.00597872269,0,0,0,0.000001186919588,1,1,1,0
0,0.00501809646,0,0,0,0.0000009712276494,1,0,1,0
0,0.00604589935,0,0,0,0.000001011337346,1,0,1,0
0,0.005911546031,0,0,0,0.0000009731831108,1,0,1,0
0,0.006180252669,0,0,0,0.0000008171554822,1,0,0,0
0,0.004487400851,0,0,0,0.0000008333448834,1,0,0,0
0,0.005934681672,0,0,0,0.0000004100557061,1,0,0,0
0,0.005145732113,0,0,0,0.0000004845451423,1,0,0,0
0,0.006492301687,0,0,0,0.0000005661288106,1,1,0,0
0,0.006221902198,0,0,0,0.0000006090125336,1,0,0,0
0,0.006435389621,0,0,0,0.0000003865446935,1,0,0,0
0,0.006870801857,0,0,0,0.0000003937298773,1,0,0,0
0,0.006914645779,0,0,0,0.0000002990036894,1,0,0,0
0,0.007416303202,0,0,0,0.0000003173304555,1,1,0,0
0,0.008579265531,0,0,0,0.0000003552118354,1,0,0,0
0,0,0,0,0,-0.0000007840663155,0,0,0,0
0,0,0,0,0,-0.0000006316089764,0,0,0,0
0,0,0,0,0,-0.000000183370348,0,0,0,0
0,0,0,0,0,0.00000003853885279,0,0,0,0
0,0,0,0,0,0.00000003821499687,0,0,0,0
0,0,0,0,0,0,0,0,0,0
0,0,0,0,0,-0.0000002273792315,0,0,0,0
0,0,0,0,0,-0.000000319128746,0,0,0,0
0,0,0,0,0,-0.0000001716069672,0,0,0,0
0,0,0,0,0,-0.0000001337524891,0,0,0,0
0,0,0,0,0,-0.00000004593519828,0,0,0,0
0,0,0,0,0,0,0,0,0,0
0,0,0,0,0,-0.00000004640392478,0,0,0,0
0,0,0,0,0,0.0000002812938946,0,0,0,0
0,0,0,0,0,-0.0000001324539213,0,0,0,0
0,0,0,0,0,0.00000004121677913,0,0,0,0
0,0,0,0,0,0.0000001361552284,0,0,0,0
0,0,0,0,0,0.0000001718563959,0,0,0,0
0,0,0,0,0,0.0000002547666459,0,0,0,0
0,0,0,0,0,0.0000002774388501,0,0,0,0
0,0,0,0,0,0.0000001364275389,0,0,0,0
0,0,0,0,0,0.0000001214160945,0,0,0,0
0,0,0,0,0,0.0000002365174039,0,0,0,0
0,0,0,0,0,0.000000132850787,0,0,0,0
0,0,0,0,0,0.0000004269566356,0,0,0,0
0,0,0,0,0,0.0000001724632894,0,0,0,0
0,0,0,0,0,0.0000003498142023,0,0,0,0
0,0,0,0,0,0.0000003167067867,0,0,0,0
0,0,0,0,0,0.0000003720060883,0,0,0,0
0,0,0,0,0,0.0000001263217953,0,0,0,0
0,0,0,0,0,0,0,0,0,0
0,0,0,0,0,0.00000007511025667,0,0,0,0
0,0,0,0,0,0.0000002015177827,0,0,0,0
0,0,0,0,0,0.0000001350767712,0,0,0,0
0,0,0,0,0,0.0000001624137368,0,0,0,0
0,0,0,0,0,0.000000120625587,0,0,0,0
0,0,0,0,0,0.0000001116332144,0,0,0,0
0,0,0,0,0,0.0000001318971582,0,0,0,0
0,0,0,0,0,0.00000009474134644,0,0,0,0
0,0,0,0,0,0.00000004913356744,0,0,0,0
0,0,0,0,0,0.0000001136906414,0,0,0,0
0,0,1,1,0,0.0000001136897718,1,0,0,0
0,0,1,1,0,0.0000001419734637,1,0,0,0
0,0,1,1,0,0.0000001075585607,1,0,0,0
0,0,1,1,0,0.00000006304403159,1,0,0,0
0,0,1,1,0,0.0000000165825337,1,0,0,0
0,0,1,1,0,0.0000000949986421,1,0,0,0
0,0,1,1,0,0.000000137559162,1,0,0,0
0,0,1,1,0,0.0000001295951332,1,0,0,0
0,0,1,1,0,0.0000001412771457,1,0,0,0
0,0,1,1,0,0.0000002999628953,1,0,0,0
0,0,1,1,0,0.0000004551058994,1,0,0,0
0,0,1,1,0,0.0000005021297653,1,0,0,0
0,0,1,1,0,0.0000004664185005,1,1,0,0
0,0,1,1,0,0.0000003742623547,1,0,0,0
0,0,1,1,0,0.0000005708490934,1,0,0,0
0,0,1,1,0,0.0000003274260934,1,0,0,0
0,0,0,0,0,0.0000006002811712,1,0,0,0
0,0,0,0,0,0.0000004729488015,1,1,0,0
0,0,0,0,0,0.000001055039634,1,1,1,0
0,0,0,0,0,0.0000009231596799,1,1,1,0
0,0,0,0,0,0.0000003774495243,1,0,0,0
0,0,0,0,0,0.0000006593997713,1,0,0,0
0,0,0,0,0,0.0000005684480787,1,0,0,0
0,0,0,0,0,0.0000003365212626,1,1,0,0
0,0,0,0,0,0.0000005820908326,1,1,0,0
0,0,0,0,0,0.0000007912797256,1,1,0,0
0,0,0,0,0,0.000001091420311,1,1,1,0
0,0,0,0,0,0.000001891795206,1,0,1,0
0,0,0,0,0,0.000001282418866,1,1,1,0
0,0,0,0,0,0.0000009601562413,1,1,1,0
1,0,0,0,0,0.000001173674273,1,0,1,1
1,0,0,0,0,0.0000007458167981,1,1,0,1
1,0,0,0,0,0.0000009124746023,1,1,1,1
1,0,0,0,0,0.000002119687176,1,1,1,1
1,0,0,0,0,0.000002588630847,1,0,1,1
1,0,1,1,0,0.000002510434802,1,1,1,1
1,0,1,1,0,0.000005098679635,1,0,1,1
1,0,1,1,0,0.000009046446711,1,0,1,1
1,0,1,1,0,0.00002722842425,1,1,1,1
1,0,1,1,0,0.000006036771887,1,1,1,1
1,0,1,1,0,0.00002664176833,1,1,1,1
1,0,1,1,0,0.00005825972539,1,1,1,1
1,0,1,1,0,0.003014134198,1,1,1,1
1,0.000002687066378,1,1,0,1,1,1,1,1
1,0.4766855754,1,1,0,-0.0000003487997411,1,1,0,1
0,0.508124252,1,1,0,0.0000001462957975,1,0,0,0
0,0.486224661,1,1,0,0.0000002237411638,1,0,0,0
0,0.486224661,1,1,0,0.0000001691701482,1,0,0,0
0,0.486224661,1,1,0,0.00000007421658116,1,0,0,0